domain	op	key	parent
revision	find_local	SBAI-3756	SBAI-3689
revision	sync	SBAI-3757	SBAI-3689
revision	restore	SBAI-3758	SBAI-3689
revision	bisect	SBAI-3759	SBAI-3689
revision	metadata_get	SBAI-3760	SBAI-3689
revision	metadata_set	SBAI-3761	SBAI-3689
revision	metadata_list	SBAI-3762	SBAI-3689
revision	metadata_clear	SBAI-3763	SBAI-3689
revision	cherry_pick	SBAI-3764	SBAI-3689
revision	cherry_pick_local	SBAI-3765	SBAI-3689
revision	cherry_pick_abort	SBAI-3766	SBAI-3689
revision	cherry_pick_unresolve	SBAI-3767	SBAI-3689
revision	cherry_pick_restart	SBAI-3768	SBAI-3689
revision	cherry_pick_resolve	SBAI-3769	SBAI-3689
revision	cherry_pick_resolve_mine	SBAI-3770	SBAI-3689
revision	cherry_pick_resolve_theirs	SBAI-3771	SBAI-3689
revision	revert	SBAI-3772	SBAI-3689
revision	revert_local	SBAI-3773	SBAI-3689
revision	revert_abort	SBAI-3774	SBAI-3689
revision	revert_unresolve	SBAI-3775	SBAI-3689
revision	revert_restart	SBAI-3776	SBAI-3689
revision	revert_resolve	SBAI-3777	SBAI-3689
revision	revert_resolve_mine	SBAI-3778	SBAI-3689
revision	revert_resolve_theirs	SBAI-3779	SBAI-3689
file	stage	SBAI-3780	SBAI-3690
file	stage_move	SBAI-3781	SBAI-3690
file	stage_merge	SBAI-3782	SBAI-3690
file	unstage	SBAI-3783	SBAI-3690
file	dirty	SBAI-3784	SBAI-3690
file	dirty_move	SBAI-3785	SBAI-3690
file	dirty_copy	SBAI-3786	SBAI-3690
file	reset	SBAI-3787	SBAI-3690
file	reset_to_last_merged	SBAI-3788	SBAI-3690
file	obliterate	SBAI-3789	SBAI-3690
file	info	SBAI-3790	SBAI-3690
file	history	SBAI-3791	SBAI-3690
file	diff	SBAI-3792	SBAI-3690
file	write	SBAI-3793	SBAI-3690
file	hash	SBAI-3794	SBAI-3690
file	dump	SBAI-3795	SBAI-3690
file	metadata_get	SBAI-3796	SBAI-3690
file	metadata_set	SBAI-3797	SBAI-3690
file	metadata_list	SBAI-3798	SBAI-3690
file	metadata_clear	SBAI-3799	SBAI-3690
lock	file_acquire	SBAI-3800	SBAI-3691
lock	file_acquire_as_owner	SBAI-3801	SBAI-3691
lock	file_status	SBAI-3802	SBAI-3691
lock	file_query	SBAI-3803	SBAI-3691
lock	file_release	SBAI-3804	SBAI-3691
link	add	SBAI-3805	SBAI-3692
link	remove	SBAI-3806	SBAI-3692
link	update	SBAI-3807	SBAI-3692
link	list	SBAI-3808	SBAI-3692
link	list_staged	SBAI-3809	SBAI-3692
layer	layer_add	SBAI-3810	SBAI-3693
layer	layer_remove	SBAI-3811	SBAI-3693
layer	layer_list	SBAI-3812	SBAI-3693
layer	layer_list_staged	SBAI-3813	SBAI-3693
storage	open	SBAI-3814	SBAI-3694
storage	close	SBAI-3815	SBAI-3694
storage	flush	SBAI-3816	SBAI-3694
storage	put	SBAI-3817	SBAI-3694
storage	put_file	SBAI-3818	SBAI-3694
storage	get	SBAI-3819	SBAI-3694
storage	get_file	SBAI-3820	SBAI-3694
storage	get_metadata	SBAI-3821	SBAI-3694
storage	copy	SBAI-3822	SBAI-3694
storage	obliterate	SBAI-3823	SBAI-3694
storage	upload	SBAI-3824	SBAI-3694
shared_store	create	SBAI-3825	SBAI-3695
shared_store	info	SBAI-3826	SBAI-3695
shared_store	set_use_automatically	SBAI-3827	SBAI-3695
service	start	SBAI-3828	SBAI-3696
service	stop	SBAI-3829	SBAI-3696
notification	subscribe	SBAI-3830	SBAI-3697
notification	unsubscribe	SBAI-3831	SBAI-3697
dependency	dependency_add	SBAI-3832	SBAI-3698
dependency	dependency_remove	SBAI-3833	SBAI-3698
dependency	dependency_list	SBAI-3834	SBAI-3698
